/mnt/training/img/slbirc/slbirc.12.jpg;0
/mnt/training/img/slbirc/slbirc.10.jpg;0
/mnt/training/img/slbirc/slbirc.8.jpg;0
/mnt/training/img/slbirc/slbirc.19.jpg;0
/mnt/training/img/slbirc/slbirc.20.jpg;0
/mnt/training/img/slbirc/slbirc.11.jpg;0
/mnt/training/img/slbirc/slbirc.3.jpg;0
/mnt/training/img/slbirc/slbirc.6.jpg;0
/mnt/training/img/slbirc/slbirc.1.jpg;0
/mnt/training/img/slbirc/slbirc.16.jpg;0
/mnt/training/img/slbirc/slbirc.14.jpg;0
/mnt/training/img/slbirc/slbirc.7.jpg;0
/mnt/training/img/slbirc/slbirc.4.jpg;0
/mnt/training/img/slbirc/slbirc.9.jpg;0
/mnt/training/img/slbirc/slbirc.2.jpg;0
/mnt/training/img/slbirc/slbirc.17.jpg;0
/mnt/training/img/drbost/drbost.19.jpg;1
/mnt/training/img/drbost/drbost.14.jpg;1
/mnt/training/img/drbost/drbost.7.jpg;1
/mnt/training/img/drbost/drbost.1.jpg;1
/mnt/training/img/drbost/drbost.2.jpg;1
/mnt/training/img/drbost/drbost.8.jpg;1
/mnt/training/img/drbost/drbost.13.jpg;1
/mnt/training/img/drbost/drbost.15.jpg;1
/mnt/training/img/drbost/drbost.12.jpg;1
/mnt/training/img/drbost/drbost.10.jpg;1
/mnt/training/img/drbost/drbost.5.jpg;1
/mnt/training/img/drbost/drbost.3.jpg;1
/mnt/training/img/drbost/drbost.17.jpg;1
/mnt/training/img/drbost/drbost.9.jpg;1
/mnt/training/img/drbost/drbost.20.jpg;1
/mnt/training/img/drbost/drbost.6.jpg;1
/mnt/training/img/asewil/asewil.16.jpg;2
/mnt/training/img/asewil/asewil.14.jpg;2
/mnt/training/img/asewil/asewil.13.jpg;2
/mnt/training/img/asewil/asewil.8.jpg;2
/mnt/training/img/asewil/asewil.12.jpg;2
/mnt/training/img/asewil/asewil.6.jpg;2
/mnt/training/img/asewil/asewil.10.jpg;2
/mnt/training/img/asewil/asewil.5.jpg;2
/mnt/training/img/asewil/asewil.9.jpg;2
/mnt/training/img/asewil/asewil.11.jpg;2
/mnt/training/img/asewil/asewil.7.jpg;2
/mnt/training/img/asewil/asewil.4.jpg;2
/mnt/training/img/asewil/asewil.15.jpg;2
/mnt/training/img/asewil/asewil.3.jpg;2
/mnt/training/img/asewil/asewil.20.jpg;2
/mnt/training/img/asewil/asewil.2.jpg;2
/mnt/training/img/sbains/sbains.12.jpg;3
/mnt/training/img/sbains/sbains.5.jpg;3
/mnt/training/img/sbains/sbains.18.jpg;3
/mnt/training/img/sbains/sbains.2.jpg;3
/mnt/training/img/sbains/sbains.17.jpg;3
/mnt/training/img/sbains/sbains.15.jpg;3
/mnt/training/img/sbains/sbains.4.jpg;3
/mnt/training/img/sbains/sbains.16.jpg;3
/mnt/training/img/sbains/sbains.7.jpg;3
/mnt/training/img/sbains/sbains.6.jpg;3
/mnt/training/img/sbains/sbains.8.jpg;3
/mnt/training/img/sbains/sbains.13.jpg;3
/mnt/training/img/sbains/sbains.9.jpg;3
/mnt/training/img/sbains/sbains.14.jpg;3
/mnt/training/img/sbains/sbains.3.jpg;3
/mnt/training/img/sbains/sbains.1.jpg;3
/mnt/training/img/phughe/phughe.16.jpg;4
/mnt/training/img/phughe/phughe.15.jpg;4
/mnt/training/img/phughe/phughe.4.jpg;4
/mnt/training/img/phughe/phughe.14.jpg;4
/mnt/training/img/phughe/phughe.11.jpg;4
/mnt/training/img/phughe/phughe.8.jpg;4
/mnt/training/img/phughe/phughe.5.jpg;4
/mnt/training/img/phughe/phughe.18.jpg;4
/mnt/training/img/phughe/phughe.9.jpg;4
/mnt/training/img/phughe/phughe.20.jpg;4
/mnt/training/img/phughe/phughe.12.jpg;4
/mnt/training/img/phughe/phughe.17.jpg;4
/mnt/training/img/phughe/phughe.10.jpg;4
/mnt/training/img/phughe/phughe.3.jpg;4
/mnt/training/img/phughe/phughe.6.jpg;4
/mnt/training/img/phughe/phughe.13.jpg;4
/mnt/training/img/9336923/9336923.9.jpg;5
/mnt/training/img/9336923/9336923.3.jpg;5
/mnt/training/img/9336923/9336923.15.jpg;5
/mnt/training/img/9336923/9336923.17.jpg;5
/mnt/training/img/9336923/9336923.6.jpg;5
/mnt/training/img/9336923/9336923.18.jpg;5
/mnt/training/img/9336923/9336923.4.jpg;5
/mnt/training/img/9336923/9336923.11.jpg;5
/mnt/training/img/9336923/9336923.5.jpg;5
/mnt/training/img/9336923/9336923.13.jpg;5
/mnt/training/img/9336923/9336923.19.jpg;5
/mnt/training/img/9336923/9336923.16.jpg;5
/mnt/training/img/9336923/9336923.1.jpg;5
/mnt/training/img/9336923/9336923.2.jpg;5
/mnt/training/img/9336923/9336923.10.jpg;5
/mnt/training/img/9336923/9336923.12.jpg;5
/mnt/training/img/astefa/astefa.9.jpg;6
/mnt/training/img/astefa/astefa.2.jpg;6
/mnt/training/img/astefa/astefa.4.jpg;6
/mnt/training/img/astefa/astefa.10.jpg;6
/mnt/training/img/astefa/astefa.18.jpg;6
/mnt/training/img/astefa/astefa.11.jpg;6
/mnt/training/img/astefa/astefa.13.jpg;6
/mnt/training/img/astefa/astefa.5.jpg;6
/mnt/training/img/astefa/astefa.6.jpg;6
/mnt/training/img/astefa/astefa.1.jpg;6
/mnt/training/img/astefa/astefa.16.jpg;6
/mnt/training/img/astefa/astefa.7.jpg;6
/mnt/training/img/astefa/astefa.15.jpg;6
/mnt/training/img/astefa/astefa.17.jpg;6
/mnt/training/img/astefa/astefa.14.jpg;6
/mnt/training/img/astefa/astefa.8.jpg;6
/mnt/training/img/klclar/klclar.11.jpg;7
/mnt/training/img/klclar/klclar.12.jpg;7
/mnt/training/img/klclar/klclar.16.jpg;7
/mnt/training/img/klclar/klclar.6.jpg;7
/mnt/training/img/klclar/klclar.14.jpg;7
/mnt/training/img/klclar/klclar.7.jpg;7
/mnt/training/img/klclar/klclar.10.jpg;7
/mnt/training/img/klclar/klclar.3.jpg;7
/mnt/training/img/klclar/klclar.2.jpg;7
/mnt/training/img/klclar/klclar.9.jpg;7
/mnt/training/img/klclar/klclar.17.jpg;7
/mnt/training/img/klclar/klclar.13.jpg;7
/mnt/training/img/klclar/klclar.4.jpg;7
/mnt/training/img/klclar/klclar.20.jpg;7
/mnt/training/img/klclar/klclar.19.jpg;7
/mnt/training/img/klclar/klclar.18.jpg;7
/mnt/training/img/kaknig/kaknig.7.jpg;9
/mnt/training/img/kaknig/kaknig.16.jpg;9
/mnt/training/img/kaknig/kaknig.11.jpg;9
/mnt/training/img/kaknig/kaknig.1.jpg;9
/mnt/training/img/kaknig/kaknig.3.jpg;9
/mnt/training/img/kaknig/kaknig.19.jpg;9
/mnt/training/img/kaknig/kaknig.15.jpg;9
/mnt/training/img/kaknig/kaknig.14.jpg;9
/mnt/training/img/kaknig/kaknig.20.jpg;9
/mnt/training/img/kaknig/kaknig.4.jpg;9
/mnt/training/img/kaknig/kaknig.18.jpg;9
/mnt/training/img/kaknig/kaknig.10.jpg;9
/mnt/training/img/kaknig/kaknig.6.jpg;9
/mnt/training/img/kaknig/kaknig.13.jpg;9
/mnt/training/img/kaknig/kaknig.5.jpg;9
/mnt/training/img/kaknig/kaknig.17.jpg;9
/mnt/training/img/vstros/vstros.15.jpg;10
/mnt/training/img/vstros/vstros.9.jpg;10
/mnt/training/img/vstros/vstros.5.jpg;10
/mnt/training/img/vstros/vstros.19.jpg;10
/mnt/training/img/vstros/vstros.8.jpg;10
/mnt/training/img/vstros/vstros.14.jpg;10
/mnt/training/img/vstros/vstros.12.jpg;10
/mnt/training/img/vstros/vstros.18.jpg;10
/mnt/training/img/vstros/vstros.10.jpg;10
/mnt/training/img/vstros/vstros.17.jpg;10
/mnt/training/img/vstros/vstros.11.jpg;10
/mnt/training/img/vstros/vstros.13.jpg;10
/mnt/training/img/vstros/vstros.4.jpg;10
/mnt/training/img/vstros/vstros.20.jpg;10
/mnt/training/img/vstros/vstros.16.jpg;10
/mnt/training/img/vstros/vstros.6.jpg;10
/mnt/training/img/elduns/elduns.8.jpg;11
/mnt/training/img/elduns/elduns.18.jpg;11
/mnt/training/img/elduns/elduns.7.jpg;11
/mnt/training/img/elduns/elduns.19.jpg;11
/mnt/training/img/elduns/elduns.2.jpg;11
/mnt/training/img/elduns/elduns.17.jpg;11
/mnt/training/img/elduns/elduns.3.jpg;11
/mnt/training/img/elduns/elduns.4.jpg;11
/mnt/training/img/elduns/elduns.13.jpg;11
/mnt/training/img/elduns/elduns.11.jpg;11
/mnt/training/img/elduns/elduns.20.jpg;11
/mnt/training/img/elduns/elduns.10.jpg;11
/mnt/training/img/elduns/elduns.1.jpg;11
/mnt/training/img/elduns/elduns.9.jpg;11
/mnt/training/img/elduns/elduns.5.jpg;11
/mnt/training/img/elduns/elduns.6.jpg;11
/mnt/training/img/asamma/asamma.14.jpg;12
/mnt/training/img/asamma/asamma.3.jpg;12
/mnt/training/img/asamma/asamma.4.jpg;12
/mnt/training/img/asamma/asamma.18.jpg;12
/mnt/training/img/asamma/asamma.7.jpg;12
/mnt/training/img/asamma/asamma.5.jpg;12
/mnt/training/img/asamma/asamma.12.jpg;12
/mnt/training/img/asamma/asamma.9.jpg;12
/mnt/training/img/asamma/asamma.1.jpg;12
/mnt/training/img/asamma/asamma.6.jpg;12
/mnt/training/img/asamma/asamma.8.jpg;12
/mnt/training/img/asamma/asamma.17.jpg;12
/mnt/training/img/asamma/asamma.15.jpg;12
/mnt/training/img/asamma/asamma.16.jpg;12
/mnt/training/img/asamma/asamma.10.jpg;12
/mnt/training/img/asamma/asamma.20.jpg;12
/mnt/training/img/mbutle/mbutle.17.jpg;13
/mnt/training/img/mbutle/mbutle.12.jpg;13
/mnt/training/img/mbutle/mbutle.20.jpg;13
/mnt/training/img/mbutle/mbutle.13.jpg;13
/mnt/training/img/mbutle/mbutle.19.jpg;13
/mnt/training/img/mbutle/mbutle.3.jpg;13
/mnt/training/img/mbutle/mbutle.5.jpg;13
/mnt/training/img/mbutle/mbutle.11.jpg;13
/mnt/training/img/mbutle/mbutle.9.jpg;13
/mnt/training/img/mbutle/mbutle.14.jpg;13
/mnt/training/img/mbutle/mbutle.1.jpg;13
/mnt/training/img/mbutle/mbutle.2.jpg;13
/mnt/training/img/mbutle/mbutle.6.jpg;13
/mnt/training/img/mbutle/mbutle.8.jpg;13
/mnt/training/img/mbutle/mbutle.4.jpg;13
/mnt/training/img/mbutle/mbutle.18.jpg;13
/mnt/training/img/ksunth/ksunth.2.jpg;14
/mnt/training/img/ksunth/ksunth.13.jpg;14
/mnt/training/img/ksunth/ksunth.14.jpg;14
/mnt/training/img/ksunth/ksunth.16.jpg;14
/mnt/training/img/ksunth/ksunth.18.jpg;14
/mnt/training/img/ksunth/ksunth.6.jpg;14
/mnt/training/img/ksunth/ksunth.3.jpg;14
/mnt/training/img/ksunth/ksunth.7.jpg;14
/mnt/training/img/ksunth/ksunth.4.jpg;14
/mnt/training/img/ksunth/ksunth.17.jpg;14
/mnt/training/img/ksunth/ksunth.10.jpg;14
/mnt/training/img/ksunth/ksunth.11.jpg;14
/mnt/training/img/ksunth/ksunth.20.jpg;14
/mnt/training/img/ksunth/ksunth.12.jpg;14
/mnt/training/img/ksunth/ksunth.9.jpg;14
/mnt/training/img/ksunth/ksunth.8.jpg;14
/mnt/training/img/anpage/anpage.9.jpg;15
/mnt/training/img/anpage/anpage.2.jpg;15
/mnt/training/img/anpage/anpage.6.jpg;15
/mnt/training/img/anpage/anpage.20.jpg;15
/mnt/training/img/anpage/anpage.18.jpg;15
/mnt/training/img/anpage/anpage.17.jpg;15
/mnt/training/img/anpage/anpage.13.jpg;15
/mnt/training/img/anpage/anpage.7.jpg;15
/mnt/training/img/anpage/anpage.11.jpg;15
/mnt/training/img/anpage/anpage.19.jpg;15
/mnt/training/img/anpage/anpage.16.jpg;15
/mnt/training/img/anpage/anpage.10.jpg;15
/mnt/training/img/anpage/anpage.14.jpg;15
/mnt/training/img/anpage/anpage.4.jpg;15
/mnt/training/img/anpage/anpage.12.jpg;15
/mnt/training/img/anpage/anpage.3.jpg;15
/mnt/training/img/yfhsie/yfhsie.13.jpg;16
/mnt/training/img/yfhsie/yfhsie.8.jpg;16
/mnt/training/img/yfhsie/yfhsie.17.jpg;16
/mnt/training/img/yfhsie/yfhsie.16.jpg;16
/mnt/training/img/yfhsie/yfhsie.2.jpg;16
/mnt/training/img/yfhsie/yfhsie.3.jpg;16
/mnt/training/img/yfhsie/yfhsie.12.jpg;16
/mnt/training/img/yfhsie/yfhsie.4.jpg;16
/mnt/training/img/yfhsie/yfhsie.1.jpg;16
/mnt/training/img/yfhsie/yfhsie.14.jpg;16
/mnt/training/img/yfhsie/yfhsie.11.jpg;16
/mnt/training/img/yfhsie/yfhsie.20.jpg;16
/mnt/training/img/yfhsie/yfhsie.5.jpg;16
/mnt/training/img/yfhsie/yfhsie.19.jpg;16
/mnt/training/img/yfhsie/yfhsie.7.jpg;16
/mnt/training/img/yfhsie/yfhsie.9.jpg;16
/mnt/training/img/lfso/lfso.4.jpg;17
/mnt/training/img/lfso/lfso.5.jpg;17
/mnt/training/img/lfso/lfso.1.jpg;17
/mnt/training/img/lfso/lfso.14.jpg;17
/mnt/training/img/lfso/lfso.18.jpg;17
/mnt/training/img/lfso/lfso.3.jpg;17
/mnt/training/img/lfso/lfso.8.jpg;17
/mnt/training/img/lfso/lfso.19.jpg;17
/mnt/training/img/lfso/lfso.11.jpg;17
/mnt/training/img/lfso/lfso.7.jpg;17
/mnt/training/img/lfso/lfso.17.jpg;17
/mnt/training/img/lfso/lfso.10.jpg;17
/mnt/training/img/lfso/lfso.9.jpg;17
/mnt/training/img/lfso/lfso.6.jpg;17
/mnt/training/img/lfso/lfso.20.jpg;17
/mnt/training/img/lfso/lfso.2.jpg;17
/mnt/training/img/9338535/9338535.17.jpg;18
/mnt/training/img/9338535/9338535.15.jpg;18
/mnt/training/img/9338535/9338535.13.jpg;18
/mnt/training/img/9338535/9338535.6.jpg;18
/mnt/training/img/9338535/9338535.16.jpg;18
/mnt/training/img/9338535/9338535.11.jpg;18
/mnt/training/img/9338535/9338535.3.jpg;18
/mnt/training/img/9338535/9338535.19.jpg;18
/mnt/training/img/9338535/9338535.1.jpg;18
/mnt/training/img/9338535/9338535.18.jpg;18
/mnt/training/img/9338535/9338535.14.jpg;18
/mnt/training/img/9338535/9338535.7.jpg;18
/mnt/training/img/9338535/9338535.10.jpg;18
/mnt/training/img/9338535/9338535.5.jpg;18
/mnt/training/img/9338535/9338535.2.jpg;18
/mnt/training/img/9338535/9338535.20.jpg;18
/mnt/training/img/ekavaz/ekavaz.13.jpg;19
/mnt/training/img/ekavaz/ekavaz.14.jpg;19
/mnt/training/img/ekavaz/ekavaz.10.jpg;19
/mnt/training/img/ekavaz/ekavaz.11.jpg;19
/mnt/training/img/ekavaz/ekavaz.8.jpg;19
/mnt/training/img/ekavaz/ekavaz.2.jpg;19
/mnt/training/img/ekavaz/ekavaz.9.jpg;19
/mnt/training/img/ekavaz/ekavaz.18.jpg;19
/mnt/training/img/ekavaz/ekavaz.20.jpg;19
/mnt/training/img/ekavaz/ekavaz.17.jpg;19
/mnt/training/img/ekavaz/ekavaz.12.jpg;19
/mnt/training/img/ekavaz/ekavaz.5.jpg;19
/mnt/training/img/ekavaz/ekavaz.19.jpg;19
/mnt/training/img/ekavaz/ekavaz.6.jpg;19
/mnt/training/img/ekavaz/ekavaz.4.jpg;19
/mnt/training/img/ekavaz/ekavaz.7.jpg;19
